No,Palabras clave,Volumen,Posición,Est Visitas,SEO Difficulty
1,"perro y el gato","590","1","227","61"
2,"perrogatonet opiniones","70","1","21","56"
3,"perrogato opiniones","40","1","11","50"
4,"perro o gato","480","5","14","57"
5,"entre perros y gatos","70","5","2","53"
6,"como perros y gatos veterinaria","70","6","2","38"
7,"gato online","40","7","4","45"
8,"como perro y gato veterinaria","70","7","1","59"
9,"veterinaria como perros y gatos","30","7","1","38"
10,"como perros y gatos veterinario","70","8","2","42"
11,"gato y perro","590","8","1","63"
12,"gato tienda","720","9","6","31"
13,"gatos online","40","10","1","34"
14,"perro y gato cachorros","70","10","1","53"
15,"tienda de animales gatos","30","10","1","39"
16,"web gatos","50","10","1","34"
17,"perritos y gatitos","8100","11","13","97"
18,"un perro y un gato","40","11","1","67"
19,"tienda online gatos","90","13","1","38"
20,"gato o perro","480","15","1","56"
21,"perro con un gato","590","15","1","65"
22,"perros o gatos","480","15","1","74"
23,"perros online","70","16","1","35"
24,"como el perro y el gato veterinario","40","17","1","66"
25,"tienda de perros","2400","19","2","36"
26,"pienso para perros y gatos","880","19","1","48"
27,"tiendas online gatos","90","20","1","36"
28,"comprar gatos online","50","20","0","33"
29,"milbemax gatos comprar","110","20","0","23"
30,"tiendas gato","720","21","1","45"
31,"tienda gatitos","720","23","1","28"
32,"tienda gato","720","25","1","41"
33,"tienda gatos","720","25","1","37"
34,"dog extreme pienso opiniones","70","25","0","44"
35,"galliprant precio","50","26","0","30"
36,"gatos o perros","480","27","0","78"
37,"tiendas online para gatos","50","28","0","39"
38,"galliprant comprar","50","31","0","21"
39,"pienso para perros y gatos opiniones","40","31","0","49"
40,"pienso perros online","90","31","0","37"
41,"tienda para perros","720","31","0","49"
42,"la tienda del gato","40","32","0","34"
43,"tienda para gatos","390","32","0","38"
44,"tiendas online perros","210","32","0","40"
45,"galliprant perros","70","33","0","32"
46,"gato y perro cachorros","70","34","0","59"
47,"tienda gatos online","90","36","0","37"
48,"tienda perros","1900","37","4","42"
49,"pienso lenda gatos opiniones","40","37","0","34"
50,"tienda de gatos","480","37","0","36"
51,"vitakraft gatos opiniones","30","37","0","50"
52,"tienda para gato","390","38","0","37"
53,"broadline gatos opiniones","90","39","0","17"
54,"sheba gatos opiniones","30","42","0","39"
55,"animales perros y gatos","50","43","0","85"
56,"suave gatito tienda","70","43","0","61"
57,"tiendas gatos online","90","43","0","36"
58,"mascotas perros y gatos","40","45","0","71"
59,"tiendas de gatos","480","45","0","35"
60,"venta de gatos online","30","46","0","30"
61,"pienso salvaje original","40","47","0","55"
62,"que gato comprar","40","48","0","53"
63,"milbemax perros online","70","49","0","25"
64,"comprar gatos","4400","50","0","31"
65,"galliprant 60 precio","40","50","0","21"
66,"tienda online para perros","90","51","0","41"
67,"comprar pienso perro online","70","52","0","42"
68,"pienso salvaje opiniones","320","53","0","39"
69,"como perros y gatos online castellano","50","54","0","52"
70,"tienda online veterinaria","170","54","0","31"
71,"mascotas gatos","390","55","0","69"
72,"perros con gatitos","590","55","0","72"
73,"comprar comida gatos online","50","57","0","52"
74,"tiendas de gatitos","480","57","0","36"
75,"comida perros online","70","58","0","37"
76,"pienso ownat gatos opiniones","90","58","0","24"
77,"pienso y mascotas telefono","70","59","0","56"
78,"acana gatos opiniones","40","60","0","35"
79,"tienda animales gatos","70","60","0","34"
80,"tienda online para mascotas","170","60","0","42"
81,"comprar pienso perros online","70","61","0","42"
82,"pienso y mascotas teléfono","70","61","0","62"
83,"tiendas de gatos online","70","63","0","35"
84,"comprar veterinaria online","0","64","0","12"
85,"todo animales opiniones","70","64","0","48"
86,"gatos de compras","170","67","0","54"
87,"natural greatness gatos opiniones","50","67","0","44"
88,"chiguagua | tienda online","170","68","0","63"
89,"venta online de mascotas","170","69","0","41"
90,"comprar bravecto online precio","480","72","0","25"
91,"comprar gato","4400","72","0","31"
92,"tienda cachorro opiniones","480","72","0","46"
93,"veterinaria tienda online","170","72","0","31"
94,"animales on line","70","73","0","41"
95,"carrito gatos","110","74","0","48"
96,"mascotas gatitos","390","74","0","68"
97,"tienda de cosas para perros","30","74","0","39"
98,"tienda del gato","720","76","0","33"
99,"tienda veterinaria on line","170","76","0","33"
100,"comida gatos online","90","79","0","49"
101,"comprar pienso online","170","79","0","39"
102,"venta de gatos cachorros","720","79","0","30"
103,"comprar gato cachorro","90","80","0","25"
104,"piensos online","170","80","0","35"
105,"que es mejor un perro o un gato","90","80","0","54"
106,"comprar perros online","260","81","0","30"
107,"el gato tienda","720","81","0","45"
108,"gatos veterinaria","480","81","0","28"
109,"pienso orijen opinión de una veterinaria","140","82","0","33"
110,"tiendas de perros","2400","84","0","49"
111,"tiendas online mascotas","720","85","0","40"
112,"gatos para comprar","320","86","0","38"
113,"tienda para comprar perros","260","88","0","31"
114,"comprar perros","6600","89","0","36"
115,"comprar pienso gatos","50","89","0","55"
116,"tienda online de mascotas","480","89","0","42"
117,"tienda online mascotas españa","30","89","0","41"
118,"tiendas el gato","720","89","0","48"
119,"venta animales on line","110","89","0","30"
120,"de perros","880","90","0","74"
121,"tienda de mascotas online","480","90","0","39"
122,"tienda de venta de perros","390","90","0","30"
123,"todo para perros","70","90","0","49"
124,"comprar pienso para perros online","40","91","0","39"
125,"tienda online de productos para gatos","0","91","0","4"
126,"todo gatos","70","92","0","37"
127,"venta de perros online","480","92","0","28"
128,"by mascotas","50","94","0","52"
129,"pienso perro online","90","94","0","37"
130,"paragatos","590","95","0","44"
131,"venta de perros españa","70","95","0","47"
132,"tienda animales conil","40","96","0","49"
133,"tienda de animales perros","50","96","0","36"
134,"tiendas comprar perros","70","99","0","13"
135,"tienda animal online","2400","100","0","40"
136,"comprar cachorro gato","90","101","0","31"
